file	line	term	status	text
MANUSCRIPT_CAIC.md	7	clinical	OK_BOUNDED	<sup>3</sup> Clinical Medical Research Center of Hematological Diseases of Guangdong Province, Guangzhou, China
MANUSCRIPT_CAIC.md	14	discovery	OK_BOUNDED	Single-cell perturbation datasets often contain subset-confined responses rather than uniform mean shifts, making target prioritization difficult for average-based analyses. We present PGAA, a distribution-aware computational framework for ranking heterogeneous transcriptional responses in single-cell perturbation data. PGAA combines PGAA-W Wasserstein, a 99-point quantile-grid statistic for full-expression-distribution shifts, with the PGAA-H histogram-shape diagnostic, a secondary diagnostic for responder-associated expression-shape changes. Both statistics use permutation calibration and Storey upper-tail diagnostics. In an Adamson 2016 unfolded-protein-response CRISPRi proof-of-principle benchmark, PGAA-W Wasserstein achieved mean AUROC 0.786 across five pre-specified perturbations and mean AUPRC 0.0191 against a 0.0065 random baseline. A Norman 2019 multi-perturbation CRISPRa extension supported PGAA-W as the default ranking statistic in curated target-panel checks, while the Norman CEBPE contrast illustrated the narrower use of PGAA-H: ELANE ranked 57/2012 as ranking evidence, not FDR-controlled discovery. A processed-source-data MMD-PSM comparison and observational single-cell datasets are retained as bounded comparator and marker-recovery stress checks. PGAA provides a reproducible ranking layer for hypothesis generation in perturbation and single-cell disease-model analyses, with Python/R software, public code and a supplementary reproducibility archive.
MANUSCRIPT_CAIC.md	14	fdr	OK_BOUNDED	Single-cell perturbation datasets often contain subset-confined responses rather than uniform mean shifts, making target prioritization difficult for average-based analyses. We present PGAA, a distribution-aware computational framework for ranking heterogeneous transcriptional responses in single-cell perturbation data. PGAA combines PGAA-W Wasserstein, a 99-point quantile-grid statistic for full-expression-distribution shifts, with the PGAA-H histogram-shape diagnostic, a secondary diagnostic for responder-associated expression-shape changes. Both statistics use permutation calibration and Storey upper-tail diagnostics. In an Adamson 2016 unfolded-protein-response CRISPRi proof-of-principle benchmark, PGAA-W Wasserstein achieved mean AUROC 0.786 across five pre-specified perturbations and mean AUPRC 0.0191 against a 0.0065 random baseline. A Norman 2019 multi-perturbation CRISPRa extension supported PGAA-W as the default ranking statistic in curated target-panel checks, while the Norman CEBPE contrast illustrated the narrower use of PGAA-H: ELANE ranked 57/2012 as ranking evidence, not FDR-controlled discovery. A processed-source-data MMD-PSM comparison and observational single-cell datasets are retained as bounded comparator and marker-recovery stress checks. PGAA provides a reproducible ranking layer for hypothesis generation in perturbation and single-cell disease-model analyses, with Python/R software, public code and a supplementary reproducibility archive.
MANUSCRIPT_CAIC.md	29	causal	OK_BOUNDED	We evaluate PGAA across experimental Perturb-seq benchmarks, simulation ablations, distribution-aware comparators, and external marker-recovery stress checks. Adamson 2016 UPR CRISPRi and Norman 2019 CRISPRa provide real perturbation benchmarks with complementary response regimes. The Norman analyses include a multi-perturbation PGAA-W extension across KLF1, CEBPE, and CEBPA with KS as an additional distribution-aware baseline, followed by a focused CEBPE PGAA-H example. Simulations define the operating regimes of the Wasserstein and PGAA-H histogram-shape diagnostics. A processed-source-data MMD-PSM comparison is included as an additional distribution-aware baseline for the Norman CEBPE contrast. Observational scRNA-seq datasets in chronic lymphocytic leukemia (CLL), sepsis, rheumatoid arthritis, inflammatory bowel disease, and PBMCs are used only to ask whether distributional ranking can recover known marker biology in medically relevant single-cell contexts. These analyses support marker recovery rather than causal interpretation, and Table 1 states the evidence level assigned to each analysis class.
MANUSCRIPT_CAIC.md	36	genome-wide	OK_BOUNDED	| Multi-perturbation CRISPRa extension | Norman 2019 KLF1, CEBPE, CEBPA | Compare PGAA-W Wasserstein against KS, Welch t, and Wilcoxon on curated target-program panels | Curated panel recovery rather than original genome-wide DEG gold standard; top-rank recovery remains sparse |
MANUSCRIPT_CAIC.md	39	biomarker	OK_BOUNDED	| External marker recovery | CLL, sepsis, rheumatoid arthritis, inflammatory bowel disease, PBMC | Bounded recovery check of known marker biology in public scRNA-seq data | Observational marker prioritization only; not causal or clinical biomarker evidence |
MANUSCRIPT_CAIC.md	39	clinical	OK_BOUNDED	| External marker recovery | CLL, sepsis, rheumatoid arthritis, inflammatory bowel disease, PBMC | Bounded recovery check of known marker biology in public scRNA-seq data | Observational marker prioritization only; not causal or clinical biomarker evidence |
MANUSCRIPT_CAIC.md	39	causal	OK_BOUNDED	| External marker recovery | CLL, sepsis, rheumatoid arthritis, inflammatory bowel disease, PBMC | Bounded recovery check of known marker biology in public scRNA-seq data | Observational marker prioritization only; not causal or clinical biomarker evidence |
MANUSCRIPT_CAIC.md	53	discovery	OK_BOUNDED	PGAA is designed as a modular computational ranking layer for heterogeneous single-cell responses. The Wasserstein statistic is the primary starting score for full-distribution shifts, whereas the PGAA-H histogram-shape diagnostic is a secondary diagnostic for responder-associated expression-shape changes. The framework first adjusts expression for coarse cell-state and library-size effects, then ranks genes by distributional discrepancy between perturbed and control cells. Within-cluster permutation is used to provide empirical ranking evidence, and the Storey upper-tail diagnostic is used as a guardrail for calibration rather than as a guarantee of genome-wide discovery.
MANUSCRIPT_CAIC.md	53	genome-wide	OK_BOUNDED	PGAA is designed as a modular computational ranking layer for heterogeneous single-cell responses. The Wasserstein statistic is the primary starting score for full-distribution shifts, whereas the PGAA-H histogram-shape diagnostic is a secondary diagnostic for responder-associated expression-shape changes. The framework first adjusts expression for coarse cell-state and library-size effects, then ranks genes by distributional discrepancy between perturbed and control cells. Within-cluster permutation is used to provide empirical ranking evidence, and the Storey upper-tail diagnostic is used as a guardrail for calibration rather than as a guarantee of genome-wide discovery.
MANUSCRIPT_CAIC.md	55	discovery	OK_BOUNDED	Figure 1 summarizes the response-regime problem and the analysis workflow. The figure intentionally separates the default PGAA-W score from the secondary PGAA-H diagnostic, because the benchmarks below support a hierarchy rather than two interchangeable discovery tests.
MANUSCRIPT_CAIC.md	83	discovery	OK_BOUNDED	Across the three perturbations, PGAA-W Wasserstein produced higher target-panel AUROC than the KS statistic, Welch t statistic, or Wilcoxon rank-sum score in this curated-panel benchmark (Supplementary Table 3). The effect was not a claim of high-precision discovery: only 1-2 positive genes appeared in the top 100 for each PGAA-W run, and AUPRC values must be read against random baselines of 0.0045-0.0079. The result is therefore useful as a broader perturbation-level ranking check for PGAA-W, not as a substitute for genome-scale perturbation validation or original-study DEG benchmarking.
MANUSCRIPT_CAIC.md	87	clinical	OK_BOUNDED	Norman *et al.* (2019) used CRISPRa to activate CEBPE in a K562 Perturb-seq screen \textsuperscript{3}; K562 is a human leukemia cell line \textsuperscript{12}. CEBPE is a myeloid transcription factor whose known targets include nine neutrophil granule proteins: ELANE, AZU1, MPO, LYZ, CTSG, GFI1, PRTN3, DEFA1, and RNASE2 \textsuperscript{13,14}. This benchmark is not a clinical disease cohort, but it is relevant to hematologic differentiation biology and tests the response regime that motivated PGAA: a regulator is activated, but the downstream expression response may be heterogeneous across cells.
MANUSCRIPT_CAIC.md	91	discovery	OK_BOUNDED	The PGAA-H histogram-shape diagnostic (n_bins = 20, 500 permutations) ranks ELANE at position 57 (p = 0.04), a 25-fold rank improvement over the Wasserstein statistic (Table 3). With 500 permutations, this p-value is interpreted as ranking evidence rather than genome-wide significance, and no FDR-controlled CEBPE gene discovery is claimed. The p-value distribution is acceptable in this pre-specified setting (uncapped Storey upper-tail ratio = 1.32 with 200 permutations in the sensitivity run; approximately 1.0 with 500 permutations). The top genes by raw PGAA-H value (SLC45A1, DLX2, ATP5E) are not known CEBPE targets; ELANE's stronger rank by permutation p-value reflects its favorable null distribution relative to other genes. Across the full nine-gene CEBPE target set, only ELANE reaches p < 0.05 in the PGAA-H analysis; PRTN3 is also within the top 100 by permutation p-value but does not pass the nominal threshold (p = 0.068). The AUROC is 0.476 and AUPRC is 0.0076. Thus, the Norman result should be read as a focused ELANE/PRTN3 ranking signal, not broad recovery of the complete granulocytic target program. As a calibration check, we applied the PGAA-H diagnostic to all six perturbations using the CEBPE target gene set as the reference positive set. ELANE was ranked strongly for CEBPE and also for the severely over-sensitive BAK1 perturbation, where the tail ratio was 0.10. For the well-calibrated KLF1 perturbation, ELANE was not supported (p = 0.70, uncapped tail ratio = 1.15). For CBL, SLC4A1, and DUSP9, ELANE p-values were 0.58, 0.16, and 0.90 respectively. This analysis is treated as perturbation-level calibration context rather than specificity proof; over-sensitive perturbations should not be interpreted as formal discoveries. Target-level details are provided in Supplementary Table 4.
MANUSCRIPT_CAIC.md	91	fdr	OK_BOUNDED	The PGAA-H histogram-shape diagnostic (n_bins = 20, 500 permutations) ranks ELANE at position 57 (p = 0.04), a 25-fold rank improvement over the Wasserstein statistic (Table 3). With 500 permutations, this p-value is interpreted as ranking evidence rather than genome-wide significance, and no FDR-controlled CEBPE gene discovery is claimed. The p-value distribution is acceptable in this pre-specified setting (uncapped Storey upper-tail ratio = 1.32 with 200 permutations in the sensitivity run; approximately 1.0 with 500 permutations). The top genes by raw PGAA-H value (SLC45A1, DLX2, ATP5E) are not known CEBPE targets; ELANE's stronger rank by permutation p-value reflects its favorable null distribution relative to other genes. Across the full nine-gene CEBPE target set, only ELANE reaches p < 0.05 in the PGAA-H analysis; PRTN3 is also within the top 100 by permutation p-value but does not pass the nominal threshold (p = 0.068). The AUROC is 0.476 and AUPRC is 0.0076. Thus, the Norman result should be read as a focused ELANE/PRTN3 ranking signal, not broad recovery of the complete granulocytic target program. As a calibration check, we applied the PGAA-H diagnostic to all six perturbations using the CEBPE target gene set as the reference positive set. ELANE was ranked strongly for CEBPE and also for the severely over-sensitive BAK1 perturbation, where the tail ratio was 0.10. For the well-calibrated KLF1 perturbation, ELANE was not supported (p = 0.70, uncapped tail ratio = 1.15). For CBL, SLC4A1, and DUSP9, ELANE p-values were 0.58, 0.16, and 0.90 respectively. This analysis is treated as perturbation-level calibration context rather than specificity proof; over-sensitive perturbations should not be interpreted as formal discoveries. Target-level details are provided in Supplementary Table 4.
MANUSCRIPT_CAIC.md	91	genome-wide	OK_BOUNDED	The PGAA-H histogram-shape diagnostic (n_bins = 20, 500 permutations) ranks ELANE at position 57 (p = 0.04), a 25-fold rank improvement over the Wasserstein statistic (Table 3). With 500 permutations, this p-value is interpreted as ranking evidence rather than genome-wide significance, and no FDR-controlled CEBPE gene discovery is claimed. The p-value distribution is acceptable in this pre-specified setting (uncapped Storey upper-tail ratio = 1.32 with 200 permutations in the sensitivity run; approximately 1.0 with 500 permutations). The top genes by raw PGAA-H value (SLC45A1, DLX2, ATP5E) are not known CEBPE targets; ELANE's stronger rank by permutation p-value reflects its favorable null distribution relative to other genes. Across the full nine-gene CEBPE target set, only ELANE reaches p < 0.05 in the PGAA-H analysis; PRTN3 is also within the top 100 by permutation p-value but does not pass the nominal threshold (p = 0.068). The AUROC is 0.476 and AUPRC is 0.0076. Thus, the Norman result should be read as a focused ELANE/PRTN3 ranking signal, not broad recovery of the complete granulocytic target program. As a calibration check, we applied the PGAA-H diagnostic to all six perturbations using the CEBPE target gene set as the reference positive set. ELANE was ranked strongly for CEBPE and also for the severely over-sensitive BAK1 perturbation, where the tail ratio was 0.10. For the well-calibrated KLF1 perturbation, ELANE was not supported (p = 0.70, uncapped tail ratio = 1.15). For CBL, SLC4A1, and DUSP9, ELANE p-values were 0.58, 0.16, and 0.90 respectively. This analysis is treated as perturbation-level calibration context rather than specificity proof; over-sensitive perturbations should not be interpreted as formal discoveries. Target-level details are provided in Supplementary Table 4.
MANUSCRIPT_CAIC.md	119	significant	OK_BOUNDED	The PGAA-H histogram-shape diagnostic depends on the number of histogram bins, and the dependence is non-trivial. We tested n_bins values of 20, 30, 50, 75, 100 and 150 on Norman 2019 CEBPE, using 200 permutations for the sensitivity sweep; the main CEBPE result uses 500 permutations. The full sweep is reported in Supplementary Table 5. In brief, ELANE ranks well at n_bins = 20 (rank 32, p = 0.025, uncapped tail ratio = 1.32 in the 200-permutation sweep), collapses at n_bins = 30 (rank 1807, p=0.672), and larger bin counts produce many nominally significant genes with low tail-ratio values (0.23-0.25). This is a sharp failure mode rather than a gradual degradation. We therefore treat PGAA-H as a guarded diagnostic with a pre-specified decision rule: choose n_bins from a small pilot grid before interpreting the perturbation of interest, require an acceptable upper-tail diagnostic on a negative-control or unrelated perturbation, and do not tune n_bins to improve a target-gene rank. We recommend n_bins = 20 as the manuscript starting setting, with a pilot sweep over n_bins = 10, 20, 30 and 50 on a control or null perturbation to verify that the chosen value does not fall into a peak-merging failure mode.
MANUSCRIPT_CAIC.md	127	discovery	OK_BOUNDED	These results support a simple analysis hierarchy. The Wasserstein statistic is the starting ranking score for standard knockout or overexpression screens and for unknown response modes. The PGAA-H histogram-shape diagnostic should be used only as a secondary diagnostic when discrete responder states are biologically plausible, and only after negative-control calibration and bin-sensitivity checks. The combined z-score can be used as an exploratory ranking score when both mean/distributional shift and shape change are expected, but it is not treated as an inferential discovery test here.
MANUSCRIPT_CAIC.md	133	biomarker	OK_BOUNDED	As an external stress check outside curated perturbation benchmarks, Wasserstein enriches known pathway markers 2.1-5.8x over background across five observational single-cell datasets with clinical or disease relevance (CLL 4.0x, Sepsis 2.1x, RA 2.5x, PBMC 2.9x, IBD 5.8x). On CLL, the B-cell receptor signaling gene set (CD79A, CD79B, MS4A1, CD24, BANK1, LYN, BLNK, SYK, BTK, PLCG2, PIK3CD, CD19, CD22) appears prominently in the top 100, with AUROC 0.87 for known-marker recovery (Supplementary Table 6). This result is biologically coherent because B-cell receptor signaling is a central axis in CLL, but the analysis should be read as marker prioritization from public observational data rather than as causal or biomarker evidence.
MANUSCRIPT_CAIC.md	133	clinical	OK_BOUNDED	As an external stress check outside curated perturbation benchmarks, Wasserstein enriches known pathway markers 2.1-5.8x over background across five observational single-cell datasets with clinical or disease relevance (CLL 4.0x, Sepsis 2.1x, RA 2.5x, PBMC 2.9x, IBD 5.8x). On CLL, the B-cell receptor signaling gene set (CD79A, CD79B, MS4A1, CD24, BANK1, LYN, BLNK, SYK, BTK, PLCG2, PIK3CD, CD19, CD22) appears prominently in the top 100, with AUROC 0.87 for known-marker recovery (Supplementary Table 6). This result is biologically coherent because B-cell receptor signaling is a central axis in CLL, but the analysis should be read as marker prioritization from public observational data rather than as causal or biomarker evidence.
MANUSCRIPT_CAIC.md	133	causal	OK_BOUNDED	As an external stress check outside curated perturbation benchmarks, Wasserstein enriches known pathway markers 2.1-5.8x over background across five observational single-cell datasets with clinical or disease relevance (CLL 4.0x, Sepsis 2.1x, RA 2.5x, PBMC 2.9x, IBD 5.8x). On CLL, the B-cell receptor signaling gene set (CD79A, CD79B, MS4A1, CD24, BANK1, LYN, BLNK, SYK, BTK, PLCG2, PIK3CD, CD19, CD22) appears prominently in the top 100, with AUROC 0.87 for known-marker recovery (Supplementary Table 6). This result is biologically coherent because B-cell receptor signaling is a central axis in CLL, but the analysis should be read as marker prioritization from public observational data rather than as causal or biomarker evidence.
MANUSCRIPT_CAIC.md	135	causal	OK_BOUNDED	"These five datasets are observational--the ""perturbation"" is defined by binning cells on endogenous marker or pathway-associated expression, not by an experimental intervention--so the results demonstrate marker recovery rather than causal interpretation. In the observational CLL marker-recovery setting, Wasserstein produced biologically coherent rankings but was not uniformly superior to all conventional ranking baselines. Its value here is as a distribution-aware prioritization score for heterogeneous disease-state contrasts, not as a replacement for standard marker-ranking methods."
MANUSCRIPT_CAIC.md	135	superior	OK_BOUNDED	"These five datasets are observational--the ""perturbation"" is defined by binning cells on endogenous marker or pathway-associated expression, not by an experimental intervention--so the results demonstrate marker recovery rather than causal interpretation. In the observational CLL marker-recovery setting, Wasserstein produced biologically coherent rankings but was not uniformly superior to all conventional ranking baselines. Its value here is as a distribution-aware prioritization score for heterogeneous disease-state contrasts, not as a replacement for standard marker-ranking methods."
MANUSCRIPT_CAIC.md	139	clinical	OK_BOUNDED	The CLL analysis uses rank-based inverse-normal scores (Supplementary Methods, CLL rank-score analysis) rather than full permutation calibration--a lighter-weight approach appropriate when only relative gene ordering matters rather than formal significance testing (Supplementary Figure 5). The cross-dataset marker-recovery source data and CLL comparator results are retained in Supplementary Table 6. We do not use these observational datasets as causal or clinical evidence. Figure 5 summarizes the external marker-recovery stress checks and the CLL comparator analysis.
MANUSCRIPT_CAIC.md	139	causal	OK_BOUNDED	The CLL analysis uses rank-based inverse-normal scores (Supplementary Methods, CLL rank-score analysis) rather than full permutation calibration--a lighter-weight approach appropriate when only relative gene ordering matters rather than formal significance testing (Supplementary Figure 5). The cross-dataset marker-recovery source data and CLL comparator results are retained in Supplementary Table 6. We do not use these observational datasets as causal or clinical evidence. Figure 5 summarizes the external marker-recovery stress checks and the CLL comparator analysis.
MANUSCRIPT_CAIC.md	148	discovery	OK_BOUNDED	These results suggest a practical two-pronged strategy for distribution-aware single-cell perturbation analysis. The Wasserstein statistic is a useful starting distributional score when the perturbation type is unknown, including when marker-anchored scRNA-seq contrasts are used to prioritize candidate response programs for follow-up. The PGAA-H histogram-shape diagnostic fills a narrower niche--CRISPRa screens, weak-effect perturbations, and any setting where the response is expected to be heterogeneous--but requires the user to verify calibration via the Storey upper-tail diagnostic and to run a pilot n_bins sweep before committing to results. PGAA-H's strong dependence on histogram bin count (values at n_bins = 20 and n_bins = 50 correlate at only r = 0.12) means it should be treated as a ranking tool rather than a formal discovery procedure unless substantially more permutations are used.
MANUSCRIPT_CAIC.md	150	discovery	OK_BOUNDED	Several limitations should be noted. First, the Adamson 2016 benchmark is small and has a sparse positive set, so it is proof-of-principle evidence rather than broad validation. Second, the Norman multi-perturbation extension uses curated target-program panels rather than an original-study genome-wide DEG gold standard; its sparse top-rank recovery should be viewed as ranking enrichment, not strong discovery performance. Third, PGAA-H is calibrated differently for different perturbations; the six-perturbation calibration check showed uncapped upper-tail ratios ranging from 0.10 (BAK1, over-sensitive) to 1.15 (KLF1, well-calibrated), so a negative control perturbation is essential. Fourth, the MI and Fisher NB modules are provided as software extensions but have not been benchmarked. Fifth, our simulation uses Gaussian noise for computational efficiency; we verified that PGAA-H does not spuriously increase under a zero-inflated negative-binomial null (mean PGAA-H = 0.031 with 30% dropout; Supplementary Methods, simulation and zero-inflation controls), consistent with evidence that droplet-based scRNA-seq data are well-modeled by the negative binomial without explicit zero-inflation \textsuperscript{15}. Sixth, all primary benchmarks use K-means (k = 5) as a cell-state proxy; sensitivity analyses over k = 3, 5, 10 and no residualization are recommended but not yet completed in this submission package. Seventh, broader genome-scale evaluation against SCEPTRE-family and perturbation-specific methods remains necessary. Finally, the observational disease datasets do not establish new causal disease mechanisms or clinical biomarkers; instead, they show how PGAA can prioritize disease-relevant heterogeneous transcriptional responses for experimental follow-up.
MANUSCRIPT_CAIC.md	150	biomarker	OK_BOUNDED	Several limitations should be noted. First, the Adamson 2016 benchmark is small and has a sparse positive set, so it is proof-of-principle evidence rather than broad validation. Second, the Norman multi-perturbation extension uses curated target-program panels rather than an original-study genome-wide DEG gold standard; its sparse top-rank recovery should be viewed as ranking enrichment, not strong discovery performance. Third, PGAA-H is calibrated differently for different perturbations; the six-perturbation calibration check showed uncapped upper-tail ratios ranging from 0.10 (BAK1, over-sensitive) to 1.15 (KLF1, well-calibrated), so a negative control perturbation is essential. Fourth, the MI and Fisher NB modules are provided as software extensions but have not been benchmarked. Fifth, our simulation uses Gaussian noise for computational efficiency; we verified that PGAA-H does not spuriously increase under a zero-inflated negative-binomial null (mean PGAA-H = 0.031 with 30% dropout; Supplementary Methods, simulation and zero-inflation controls), consistent with evidence that droplet-based scRNA-seq data are well-modeled by the negative binomial without explicit zero-inflation \textsuperscript{15}. Sixth, all primary benchmarks use K-means (k = 5) as a cell-state proxy; sensitivity analyses over k = 3, 5, 10 and no residualization are recommended but not yet completed in this submission package. Seventh, broader genome-scale evaluation against SCEPTRE-family and perturbation-specific methods remains necessary. Finally, the observational disease datasets do not establish new causal disease mechanisms or clinical biomarkers; instead, they show how PGAA can prioritize disease-relevant heterogeneous transcriptional responses for experimental follow-up.
MANUSCRIPT_CAIC.md	150	clinical	OK_BOUNDED	Several limitations should be noted. First, the Adamson 2016 benchmark is small and has a sparse positive set, so it is proof-of-principle evidence rather than broad validation. Second, the Norman multi-perturbation extension uses curated target-program panels rather than an original-study genome-wide DEG gold standard; its sparse top-rank recovery should be viewed as ranking enrichment, not strong discovery performance. Third, PGAA-H is calibrated differently for different perturbations; the six-perturbation calibration check showed uncapped upper-tail ratios ranging from 0.10 (BAK1, over-sensitive) to 1.15 (KLF1, well-calibrated), so a negative control perturbation is essential. Fourth, the MI and Fisher NB modules are provided as software extensions but have not been benchmarked. Fifth, our simulation uses Gaussian noise for computational efficiency; we verified that PGAA-H does not spuriously increase under a zero-inflated negative-binomial null (mean PGAA-H = 0.031 with 30% dropout; Supplementary Methods, simulation and zero-inflation controls), consistent with evidence that droplet-based scRNA-seq data are well-modeled by the negative binomial without explicit zero-inflation \textsuperscript{15}. Sixth, all primary benchmarks use K-means (k = 5) as a cell-state proxy; sensitivity analyses over k = 3, 5, 10 and no residualization are recommended but not yet completed in this submission package. Seventh, broader genome-scale evaluation against SCEPTRE-family and perturbation-specific methods remains necessary. Finally, the observational disease datasets do not establish new causal disease mechanisms or clinical biomarkers; instead, they show how PGAA can prioritize disease-relevant heterogeneous transcriptional responses for experimental follow-up.
MANUSCRIPT_CAIC.md	150	causal	OK_BOUNDED	Several limitations should be noted. First, the Adamson 2016 benchmark is small and has a sparse positive set, so it is proof-of-principle evidence rather than broad validation. Second, the Norman multi-perturbation extension uses curated target-program panels rather than an original-study genome-wide DEG gold standard; its sparse top-rank recovery should be viewed as ranking enrichment, not strong discovery performance. Third, PGAA-H is calibrated differently for different perturbations; the six-perturbation calibration check showed uncapped upper-tail ratios ranging from 0.10 (BAK1, over-sensitive) to 1.15 (KLF1, well-calibrated), so a negative control perturbation is essential. Fourth, the MI and Fisher NB modules are provided as software extensions but have not been benchmarked. Fifth, our simulation uses Gaussian noise for computational efficiency; we verified that PGAA-H does not spuriously increase under a zero-inflated negative-binomial null (mean PGAA-H = 0.031 with 30% dropout; Supplementary Methods, simulation and zero-inflation controls), consistent with evidence that droplet-based scRNA-seq data are well-modeled by the negative binomial without explicit zero-inflation \textsuperscript{15}. Sixth, all primary benchmarks use K-means (k = 5) as a cell-state proxy; sensitivity analyses over k = 3, 5, 10 and no residualization are recommended but not yet completed in this submission package. Seventh, broader genome-scale evaluation against SCEPTRE-family and perturbation-specific methods remains necessary. Finally, the observational disease datasets do not establish new causal disease mechanisms or clinical biomarkers; instead, they show how PGAA can prioritize disease-relevant heterogeneous transcriptional responses for experimental follow-up.
MANUSCRIPT_CAIC.md	150	genome-wide	OK_BOUNDED	Several limitations should be noted. First, the Adamson 2016 benchmark is small and has a sparse positive set, so it is proof-of-principle evidence rather than broad validation. Second, the Norman multi-perturbation extension uses curated target-program panels rather than an original-study genome-wide DEG gold standard; its sparse top-rank recovery should be viewed as ranking enrichment, not strong discovery performance. Third, PGAA-H is calibrated differently for different perturbations; the six-perturbation calibration check showed uncapped upper-tail ratios ranging from 0.10 (BAK1, over-sensitive) to 1.15 (KLF1, well-calibrated), so a negative control perturbation is essential. Fourth, the MI and Fisher NB modules are provided as software extensions but have not been benchmarked. Fifth, our simulation uses Gaussian noise for computational efficiency; we verified that PGAA-H does not spuriously increase under a zero-inflated negative-binomial null (mean PGAA-H = 0.031 with 30% dropout; Supplementary Methods, simulation and zero-inflation controls), consistent with evidence that droplet-based scRNA-seq data are well-modeled by the negative binomial without explicit zero-inflation \textsuperscript{15}. Sixth, all primary benchmarks use K-means (k = 5) as a cell-state proxy; sensitivity analyses over k = 3, 5, 10 and no residualization are recommended but not yet completed in this submission package. Seventh, broader genome-scale evaluation against SCEPTRE-family and perturbation-specific methods remains necessary. Finally, the observational disease datasets do not establish new causal disease mechanisms or clinical biomarkers; instead, they show how PGAA can prioritize disease-relevant heterogeneous transcriptional responses for experimental follow-up.
MANUSCRIPT_CAIC.md	196	discovery	OK_BOUNDED	When a CRISPRa perturbation activates a gene in only a fraction of cells, the expression histogram can change from a single dominant pattern to a heterogeneous responder-associated pattern. The dominant peak-prominence value may then increase substantially, yielding large PGAA-H values. A pure mean shift that preserves the histogram shape leaves PGAA-H comparatively unchanged. The contrast between these two scenarios is what makes PGAA-H complementary to the Wasserstein statistic, but PGAA-H is interpreted here as a ranking and diagnostic statistic rather than as a standalone genome-wide discovery test.
MANUSCRIPT_CAIC.md	196	genome-wide	OK_BOUNDED	When a CRISPRa perturbation activates a gene in only a fraction of cells, the expression histogram can change from a single dominant pattern to a heterogeneous responder-associated pattern. The dominant peak-prominence value may then increase substantially, yielding large PGAA-H values. A pure mean shift that preserves the histogram shape leaves PGAA-H comparatively unchanged. The contrast between these two scenarios is what makes PGAA-H complementary to the Wasserstein statistic, but PGAA-H is interpreted here as a ranking and diagnostic statistic rather than as a standalone genome-wide discovery test.
MANUSCRIPT_CAIC.md	198	discovery	OK_BOUNDED	The choice of n_bins matters. Our sensitivity analysis (Section 2.6) tests n_bins values of 20, 30, 50, 75, 100, and 150. The manuscript starting setting, n_bins = 20, is acceptably calibrated in the Norman 2019 CEBPE run (uncapped upper-tail ratio approximately 1.0-1.3 depending on permutation depth). Larger values can produce more nominal hits at the cost of over-sensitive calibration. For new analyses, we recommend a guarded PGAA-H workflow: pre-specify a small n_bins grid such as 10, 20, 30 and 50; evaluate the grid on a negative-control, null, or unrelated perturbation; keep a setting only if the upper-tail diagnostic is acceptable and the p-value histogram is not over-sensitive; and then apply the chosen setting unchanged to the perturbation of interest. We use 500 within-cluster permutations for the null. With 500 permutations, the minimum attainable p-value is 1/501, approximately 0.0020, which is above the Bonferroni threshold for 2,000 genes (2.5e-5). The PGAA-H permutation p-values therefore support ranking-based evaluation (AUROC) rather than formal FDR-controlled discovery; for genome-wide significance, we recommend n_perms >= 40,000.
MANUSCRIPT_CAIC.md	198	fdr	OK_BOUNDED	The choice of n_bins matters. Our sensitivity analysis (Section 2.6) tests n_bins values of 20, 30, 50, 75, 100, and 150. The manuscript starting setting, n_bins = 20, is acceptably calibrated in the Norman 2019 CEBPE run (uncapped upper-tail ratio approximately 1.0-1.3 depending on permutation depth). Larger values can produce more nominal hits at the cost of over-sensitive calibration. For new analyses, we recommend a guarded PGAA-H workflow: pre-specify a small n_bins grid such as 10, 20, 30 and 50; evaluate the grid on a negative-control, null, or unrelated perturbation; keep a setting only if the upper-tail diagnostic is acceptable and the p-value histogram is not over-sensitive; and then apply the chosen setting unchanged to the perturbation of interest. We use 500 within-cluster permutations for the null. With 500 permutations, the minimum attainable p-value is 1/501, approximately 0.0020, which is above the Bonferroni threshold for 2,000 genes (2.5e-5). The PGAA-H permutation p-values therefore support ranking-based evaluation (AUROC) rather than formal FDR-controlled discovery; for genome-wide significance, we recommend n_perms >= 40,000.
MANUSCRIPT_CAIC.md	198	genome-wide	OK_BOUNDED	The choice of n_bins matters. Our sensitivity analysis (Section 2.6) tests n_bins values of 20, 30, 50, 75, 100, and 150. The manuscript starting setting, n_bins = 20, is acceptably calibrated in the Norman 2019 CEBPE run (uncapped upper-tail ratio approximately 1.0-1.3 depending on permutation depth). Larger values can produce more nominal hits at the cost of over-sensitive calibration. For new analyses, we recommend a guarded PGAA-H workflow: pre-specify a small n_bins grid such as 10, 20, 30 and 50; evaluate the grid on a negative-control, null, or unrelated perturbation; keep a setting only if the upper-tail diagnostic is acceptable and the p-value histogram is not over-sensitive; and then apply the chosen setting unchanged to the perturbation of interest. We use 500 within-cluster permutations for the null. With 500 permutations, the minimum attainable p-value is 1/501, approximately 0.0020, which is above the Bonferroni threshold for 2,000 genes (2.5e-5). The PGAA-H permutation p-values therefore support ranking-based evaluation (AUROC) rather than formal FDR-controlled discovery; for genome-wide significance, we recommend n_perms >= 40,000.
MANUSCRIPT_CAIC.md	307	discovery	REVIEW	31. Storey, J. D. A direct approach to false discovery rates. *J. R. Stat. Soc. Ser. B* **64**, 479--498 (2002).
MANUSCRIPT_CAIC.md	308	discovery	REVIEW	32. Benjamini, Y. & Hochberg, Y. Controlling the false discovery rate: a practical and powerful approach to multiple testing. *J. R. Stat. Soc. Ser. B* **57**, 289--300 (1995).
SUPPLEMENTARY_CAIC.md	131	discovery	OK_BOUNDED	The main Norman CEBPE result is summarized in Table 3. This table gives target-level ranks and p-values for the curated nine-gene CEBPE target set in the pre-specified n-bins = 20 PGAA-H analysis. The p-values are interpreted as ranking evidence because 500 permutations cannot support genome-wide FDR-controlled discovery.
SUPPLEMENTARY_CAIC.md	131	fdr	OK_BOUNDED	The main Norman CEBPE result is summarized in Table 3. This table gives target-level ranks and p-values for the curated nine-gene CEBPE target set in the pre-specified n-bins = 20 PGAA-H analysis. The p-values are interpreted as ranking evidence because 500 permutations cannot support genome-wide FDR-controlled discovery.
SUPPLEMENTARY_CAIC.md	131	genome-wide	OK_BOUNDED	The main Norman CEBPE result is summarized in Table 3. This table gives target-level ranks and p-values for the curated nine-gene CEBPE target set in the pre-specified n-bins = 20 PGAA-H analysis. The p-values are interpreted as ranking evidence because 500 permutations cannot support genome-wide FDR-controlled discovery.
SUPPLEMENTARY_CAIC.md	156	genome-wide	OK_BOUNDED	Norman 2019 CEBPE sensitivity sweep. These runs use 200 permutations for speed and are used to evaluate bin-count sensitivity, not to claim genome-wide significance.
SUPPLEMENTARY_CAIC.md	169	clinical	OK_BOUNDED	The five observational datasets are used for marker recovery rather than causal or clinical inference. The top-100 enrichment compares known marker recovery against background ranking.
SUPPLEMENTARY_CAIC.md	169	causal	OK_BOUNDED	The five observational datasets are used for marker recovery rather than causal or clinical inference. The top-100 enrichment compares known marker recovery against background ranking.
SUPPLEMENTARY_CAIC.md	203	genome-wide	OK_BOUNDED	PGAA-W setting & Permutations & 2,000 & Adequate for ranking and moderate p-values, not extreme genome-wide thresholds \\
SUPPLEMENTARY_CAIC.md	205	discovery	OK_BOUNDED	PGAA-H setting & Permutations & 500 & Ranking evidence only; not FDR-controlled genome-wide discovery \\
SUPPLEMENTARY_CAIC.md	205	fdr	OK_BOUNDED	PGAA-H setting & Permutations & 500 & Ranking evidence only; not FDR-controlled genome-wide discovery \\
SUPPLEMENTARY_CAIC.md	205	genome-wide	OK_BOUNDED	PGAA-H setting & Permutations & 500 & Ranking evidence only; not FDR-controlled genome-wide discovery \\
SUPPLEMENTARY_CAIC.md	241	causal	OK_BOUNDED	The CLL TCL1A analysis is an observational marker-recovery experiment, not an experimental perturbation. To avoid over-interpreting formal p-values in this setting, we use rank-based inverse-normal scores to compare gene orderings among PGAA-W, PGAA-H, and the combined score. The analysis supports complementarity between BCR-oriented PGAA-W hits and TCR-oriented PGAA-H hits, but it is not used as causal evidence.
COVER_LETTER_COMMUNICATIONS_AI_COMPUTING.md	7	biomarker	OK_BOUNDED	The evidence is organized around computational scope, benchmarking, and reproducibility. Adamson 2016 UPR CRISPRi provides a small independent proof-of-principle benchmark. Norman 2019 CRISPRa provides a multi-perturbation PGAA-W extension across KLF1, CEBPE, and CEBPA, plus a narrow CEBPE PGAA-H ranking example for ELANE. A processed-source-data MMD-PSM comparator is included as an additional distribution-aware baseline. Observational disease-related scRNA-seq datasets are retained as marker-recovery stress checks, not as causal disease validation or clinical biomarker evidence.
COVER_LETTER_COMMUNICATIONS_AI_COMPUTING.md	7	clinical	OK_BOUNDED	The evidence is organized around computational scope, benchmarking, and reproducibility. Adamson 2016 UPR CRISPRi provides a small independent proof-of-principle benchmark. Norman 2019 CRISPRa provides a multi-perturbation PGAA-W extension across KLF1, CEBPE, and CEBPA, plus a narrow CEBPE PGAA-H ranking example for ELANE. A processed-source-data MMD-PSM comparator is included as an additional distribution-aware baseline. Observational disease-related scRNA-seq datasets are retained as marker-recovery stress checks, not as causal disease validation or clinical biomarker evidence.
COVER_LETTER_COMMUNICATIONS_AI_COMPUTING.md	7	causal	OK_BOUNDED	The evidence is organized around computational scope, benchmarking, and reproducibility. Adamson 2016 UPR CRISPRi provides a small independent proof-of-principle benchmark. Norman 2019 CRISPRa provides a multi-perturbation PGAA-W extension across KLF1, CEBPE, and CEBPA, plus a narrow CEBPE PGAA-H ranking example for ELANE. A processed-source-data MMD-PSM comparator is included as an additional distribution-aware baseline. Observational disease-related scRNA-seq datasets are retained as marker-recovery stress checks, not as causal disease validation or clinical biomarker evidence.
COVER_LETTER_COMMUNICATIONS_AI_COMPUTING.md	11	biomarker	OK_BOUNDED	We do not claim new clinical biomarkers, treatment recommendations, or bedside diagnostic utility. The public code-only repository is available at https://github.com/xutaoguo55/pgaa and is archived at Zenodo (DOI: https://doi.org/10.5281/zenodo.20681141) and Software Heritage. Manuscript-specific source-data tables, figure-reproduction scripts, runtime documentation, and PDF build files are provided in the supplementary software archive.
COVER_LETTER_COMMUNICATIONS_AI_COMPUTING.md	11	clinical	OK_BOUNDED	We do not claim new clinical biomarkers, treatment recommendations, or bedside diagnostic utility. The public code-only repository is available at https://github.com/xutaoguo55/pgaa and is archived at Zenodo (DOI: https://doi.org/10.5281/zenodo.20681141) and Software Heritage. Manuscript-specific source-data tables, figure-reproduction scripts, runtime documentation, and PDF build files are provided in the supplementary software archive.
COVER_LETTER_COMMUNICATIONS_AI_COMPUTING.md	23	clinical	OK_BOUNDED	Clinical Medical Research Center of Hematological Diseases of Guangdong Province
PORTAL_INPUTS_COMMUNICATIONS_AI_COMPUTING.md	21	clinical	OK_BOUNDED	Clinical Medical Research Center of Hematological Diseases of Guangdong Province, Guangzhou, China
PORTAL_INPUTS_COMMUNICATIONS_AI_COMPUTING.md	27	discovery	OK_BOUNDED	Single-cell perturbation datasets often contain subset-confined responses rather than uniform mean shifts, making target prioritization difficult for average-based analyses. We present PGAA, a distribution-aware computational framework for ranking heterogeneous transcriptional responses in single-cell perturbation data. PGAA combines PGAA-W Wasserstein, a 99-point quantile-grid statistic for full-expression-distribution shifts, with the PGAA-H histogram-shape diagnostic, a secondary diagnostic for responder-associated expression-shape changes. Both statistics use permutation calibration and Storey upper-tail diagnostics. In an Adamson 2016 unfolded-protein-response CRISPRi proof-of-principle benchmark, PGAA-W Wasserstein achieved mean AUROC 0.786 across five pre-specified perturbations and mean AUPRC 0.0191 against a 0.0065 random baseline. A Norman 2019 multi-perturbation CRISPRa extension supported PGAA-W as the default ranking statistic in curated target-panel checks, while the Norman CEBPE contrast illustrated the narrower use of PGAA-H: ELANE ranked 57/2012 as ranking evidence, not FDR-controlled discovery. A processed-source-data MMD-PSM comparison and observational single-cell datasets are retained as bounded comparator and marker-recovery stress checks. PGAA provides a reproducible ranking layer for hypothesis generation in perturbation and single-cell disease-model analyses, with Python/R software, public code and a supplementary reproducibility archive.
PORTAL_INPUTS_COMMUNICATIONS_AI_COMPUTING.md	27	fdr	OK_BOUNDED	Single-cell perturbation datasets often contain subset-confined responses rather than uniform mean shifts, making target prioritization difficult for average-based analyses. We present PGAA, a distribution-aware computational framework for ranking heterogeneous transcriptional responses in single-cell perturbation data. PGAA combines PGAA-W Wasserstein, a 99-point quantile-grid statistic for full-expression-distribution shifts, with the PGAA-H histogram-shape diagnostic, a secondary diagnostic for responder-associated expression-shape changes. Both statistics use permutation calibration and Storey upper-tail diagnostics. In an Adamson 2016 unfolded-protein-response CRISPRi proof-of-principle benchmark, PGAA-W Wasserstein achieved mean AUROC 0.786 across five pre-specified perturbations and mean AUPRC 0.0191 against a 0.0065 random baseline. A Norman 2019 multi-perturbation CRISPRa extension supported PGAA-W as the default ranking statistic in curated target-panel checks, while the Norman CEBPE contrast illustrated the narrower use of PGAA-H: ELANE ranked 57/2012 as ranking evidence, not FDR-controlled discovery. A processed-source-data MMD-PSM comparison and observational single-cell datasets are retained as bounded comparator and marker-recovery stress checks. PGAA provides a reproducible ranking layer for hypothesis generation in perturbation and single-cell disease-model analyses, with Python/R software, public code and a supplementary reproducibility archive.
PORTAL_INPUTS_COMMUNICATIONS_AI_COMPUTING.md	43	biomarker	OK_BOUNDED	The manuscript emphasizes the computational framework, benchmarking, calibration diagnostics, software implementation, and reproducibility package. The disease-related observational datasets are presented as marker-recovery stress checks rather than causal disease validation or clinical biomarker evidence.
PORTAL_INPUTS_COMMUNICATIONS_AI_COMPUTING.md	43	clinical	OK_BOUNDED	The manuscript emphasizes the computational framework, benchmarking, calibration diagnostics, software implementation, and reproducibility package. The disease-related observational datasets are presented as marker-recovery stress checks rather than causal disease validation or clinical biomarker evidence.
PORTAL_INPUTS_COMMUNICATIONS_AI_COMPUTING.md	43	causal	OK_BOUNDED	The manuscript emphasizes the computational framework, benchmarking, calibration diagnostics, software implementation, and reproducibility package. The disease-related observational datasets are presented as marker-recovery stress checks rather than causal disease validation or clinical biomarker evidence.
FINAL_ALL_CHECKS_2026_06_28/text/manuscript_docx_plain.txt	10	clinical	OK_BOUNDED	3 Clinical Medical Research Center of Hematological Diseases of
FINAL_ALL_CHECKS_2026_06_28/text/manuscript_docx_plain.txt	34	discovery	OK_BOUNDED	ranked 57/2012 as ranking evidence, not FDR-controlled discovery. A
FINAL_ALL_CHECKS_2026_06_28/text/manuscript_docx_plain.txt	34	fdr	OK_BOUNDED	ranked 57/2012 as ranking evidence, not FDR-controlled discovery. A
FINAL_ALL_CHECKS_2026_06_28/text/manuscript_docx_plain.txt	114	causal	OK_BOUNDED	support marker recovery rather than causal interpretation, and Table 1
FINAL_ALL_CHECKS_2026_06_28/text/manuscript_docx_plain.txt	134	genome-wide	REVIEW	on curated              genome-wide DEG
FINAL_ALL_CHECKS_2026_06_28/text/manuscript_docx_plain.txt	156	causal	OK_BOUNDED	inflammatory    data                    only; not causal
FINAL_ALL_CHECKS_2026_06_28/text/manuscript_docx_plain.txt	157	clinical	REVIEW	bowel disease,                          or clinical
FINAL_ALL_CHECKS_2026_06_28/text/manuscript_docx_plain.txt	158	biomarker	REVIEW	PBMC                                    biomarker
FINAL_ALL_CHECKS_2026_06_28/text/manuscript_docx_plain.txt	212	discovery	OK_BOUNDED	for calibration rather than as a guarantee of genome-wide discovery.
FINAL_ALL_CHECKS_2026_06_28/text/manuscript_docx_plain.txt	212	genome-wide	OK_BOUNDED	for calibration rather than as a guarantee of genome-wide discovery.
FINAL_ALL_CHECKS_2026_06_28/text/manuscript_docx_plain.txt	217	discovery	OK_BOUNDED	support a hierarchy rather than two interchangeable discovery tests.
FINAL_ALL_CHECKS_2026_06_28/text/manuscript_docx_plain.txt	310	discovery	OK_BOUNDED	The effect was not a claim of high-precision discovery: only 1-2
FINAL_ALL_CHECKS_2026_06_28/text/manuscript_docx_plain.txt	323	clinical	OK_BOUNDED	RNASE2 ^(13,14). This benchmark is not a clinical disease cohort, but it
FINAL_ALL_CHECKS_2026_06_28/text/manuscript_docx_plain.txt	341	genome-wide	OK_BOUNDED	is interpreted as ranking evidence rather than genome-wide significance,
FINAL_ALL_CHECKS_2026_06_28/text/manuscript_docx_plain.txt	342	discovery	OK_BOUNDED	and no FDR-controlled CEBPE gene discovery is claimed. The p-value
FINAL_ALL_CHECKS_2026_06_28/text/manuscript_docx_plain.txt	342	fdr	OK_BOUNDED	and no FDR-controlled CEBPE gene discovery is claimed. The p-value
FINAL_ALL_CHECKS_2026_06_28/text/manuscript_docx_plain.txt	413	fdr	OK_BOUNDED	ranking. The panel illustrates ranking evidence only, not FDR-controlled
FINAL_ALL_CHECKS_2026_06_28/text/manuscript_docx_plain.txt	414	discovery	REVIEW	discovery or complete CEBPE program recovery.]
FINAL_ALL_CHECKS_2026_06_28/text/manuscript_docx_plain.txt	441	significant	REVIEW	PGAA-H histogram-shape ranking. a, Number of nominally significant genes
FINAL_ALL_CHECKS_2026_06_28/text/manuscript_docx_plain.txt	456	significant	REVIEW	p=0.672), and larger bin counts produce many nominally significant genes
FINAL_ALL_CHECKS_2026_06_28/text/manuscript_docx_plain.txt	497	discovery	REVIEW	treated as an inferential discovery test here.
FINAL_ALL_CHECKS_2026_06_28/text/manuscript_docx_plain.txt	505	clinical	REVIEW	across five observational single-cell datasets with clinical or disease
FINAL_ALL_CHECKS_2026_06_28/text/manuscript_docx_plain.txt	513	biomarker	OK_BOUNDED	rather than as causal or biomarker evidence.
FINAL_ALL_CHECKS_2026_06_28/text/manuscript_docx_plain.txt	513	causal	OK_BOUNDED	rather than as causal or biomarker evidence.
FINAL_ALL_CHECKS_2026_06_28/text/manuscript_docx_plain.txt	518	causal	OK_BOUNDED	recovery rather than causal interpretation. In the observational CLL
FINAL_ALL_CHECKS_2026_06_28/text/manuscript_docx_plain.txt	520	superior	OK_BOUNDED	rankings but was not uniformly superior to all conventional ranking
FINAL_ALL_CHECKS_2026_06_28/text/manuscript_docx_plain.txt	544	clinical	OK_BOUNDED	not use these observational datasets as causal or clinical evidence.
FINAL_ALL_CHECKS_2026_06_28/text/manuscript_docx_plain.txt	544	causal	OK_BOUNDED	not use these observational datasets as causal or clinical evidence.
FINAL_ALL_CHECKS_2026_06_28/text/manuscript_docx_plain.txt	554	superior	OK_BOUNDED	rankings but was not uniformly superior to all conventional ranking
FINAL_ALL_CHECKS_2026_06_28/text/manuscript_docx_plain.txt	555	causal	OK_BOUNDED	baselines. These analyses assess marker recovery rather than causal
FINAL_ALL_CHECKS_2026_06_28/text/manuscript_docx_plain.txt	598	discovery	OK_BOUNDED	rather than a formal discovery procedure unless substantially more
FINAL_ALL_CHECKS_2026_06_28/text/manuscript_docx_plain.txt	605	genome-wide	REVIEW	than an original-study genome-wide DEG gold standard; its sparse
FINAL_ALL_CHECKS_2026_06_28/text/manuscript_docx_plain.txt	607	discovery	REVIEW	discovery performance. Third, PGAA-H is calibrated differently for
FINAL_ALL_CHECKS_2026_06_28/text/manuscript_docx_plain.txt	624	biomarker	REVIEW	new causal disease mechanisms or clinical biomarkers; instead, they show
FINAL_ALL_CHECKS_2026_06_28/text/manuscript_docx_plain.txt	624	clinical	REVIEW	new causal disease mechanisms or clinical biomarkers; instead, they show
FINAL_ALL_CHECKS_2026_06_28/text/manuscript_docx_plain.txt	624	causal	REVIEW	new causal disease mechanisms or clinical biomarkers; instead, they show
FINAL_ALL_CHECKS_2026_06_28/text/manuscript_docx_plain.txt	757	discovery	OK_BOUNDED	statistic rather than as a standalone genome-wide discovery test.
FINAL_ALL_CHECKS_2026_06_28/text/manuscript_docx_plain.txt	757	genome-wide	OK_BOUNDED	statistic rather than as a standalone genome-wide discovery test.
FINAL_ALL_CHECKS_2026_06_28/text/manuscript_docx_plain.txt	774	fdr	OK_BOUNDED	ranking-based evaluation (AUROC) rather than formal FDR-controlled
FINAL_ALL_CHECKS_2026_06_28/text/manuscript_docx_plain.txt	775	discovery	REVIEW	discovery; for genome-wide significance, we recommend n_perms >= 40,000.
FINAL_ALL_CHECKS_2026_06_28/text/manuscript_docx_plain.txt	775	genome-wide	REVIEW	discovery; for genome-wide significance, we recommend n_perms >= 40,000.
FINAL_ALL_CHECKS_2026_06_28/text/manuscript_docx_plain.txt	1020	discovery	REVIEW	31. Storey, J. D. A direct approach to false discovery rates. J. R.
FINAL_ALL_CHECKS_2026_06_28/text/manuscript_docx_plain.txt	1022	discovery	REVIEW	32. Benjamini, Y. & Hochberg, Y. Controlling the false discovery rate: a
FINAL_ALL_CHECKS_2026_06_28/text/manuscript_pdf_layout.txt	8	clinical	OK_BOUNDED	8    3 Clinical Medical Research Center of Hematological Diseases of Guangdong Province, Guangzhou, China
FINAL_ALL_CHECKS_2026_06_28/text/manuscript_pdf_layout.txt	25	discovery	REVIEW	23   FDR-controlled discovery. A processed-source-data MMD-PSM comparison and observational single-cell
FINAL_ALL_CHECKS_2026_06_28/text/manuscript_pdf_layout.txt	25	fdr	REVIEW	23   FDR-controlled discovery. A processed-source-data MMD-PSM comparison and observational single-cell
FINAL_ALL_CHECKS_2026_06_28/text/manuscript_pdf_layout.txt	80	causal	OK_BOUNDED	72   recovery rather than causal interpretation, and Table 1 states the evidence level assigned to each analysis
FINAL_ALL_CHECKS_2026_06_28/text/manuscript_pdf_layout.txt	92	genome-wide	REVIEW	Welch t, and Wilcoxon       genome-wide DEG gold
FINAL_ALL_CHECKS_2026_06_28/text/manuscript_pdf_layout.txt	113	clinical	REVIEW	bowel disease, PBMC            in public scRNA-seq       causal or clinical
FINAL_ALL_CHECKS_2026_06_28/text/manuscript_pdf_layout.txt	113	causal	REVIEW	bowel disease, PBMC            in public scRNA-seq       causal or clinical
FINAL_ALL_CHECKS_2026_06_28/text/manuscript_pdf_layout.txt	114	biomarker	REVIEW	data                      biomarker evidence
FINAL_ALL_CHECKS_2026_06_28/text/manuscript_pdf_layout.txt	159	discovery	REVIEW	95    a guarantee of genome-wide discovery.
FINAL_ALL_CHECKS_2026_06_28/text/manuscript_pdf_layout.txt	159	genome-wide	REVIEW	95    a guarantee of genome-wide discovery.
FINAL_ALL_CHECKS_2026_06_28/text/manuscript_pdf_layout.txt	162	discovery	OK_BOUNDED	98    support a hierarchy rather than two interchangeable discovery tests.
FINAL_ALL_CHECKS_2026_06_28/text/manuscript_pdf_layout.txt	242	discovery	OK_BOUNDED	138   Table 3). The effect was not a claim of high-precision discovery: only 1-2 positive genes appeared in the top
FINAL_ALL_CHECKS_2026_06_28/text/manuscript_pdf_layout.txt	258	clinical	OK_BOUNDED	147   benchmark is not a clinical disease cohort, but it is relevant to hematologic differentiation biology and tests
FINAL_ALL_CHECKS_2026_06_28/text/manuscript_pdf_layout.txt	269	fdr	OK_BOUNDED	158   this p-value is interpreted as ranking evidence rather than genome-wide significance, and no FDR-controlled
FINAL_ALL_CHECKS_2026_06_28/text/manuscript_pdf_layout.txt	269	genome-wide	OK_BOUNDED	158   this p-value is interpreted as ranking evidence rather than genome-wide significance, and no FDR-controlled
FINAL_ALL_CHECKS_2026_06_28/text/manuscript_pdf_layout.txt	270	discovery	REVIEW	159   CEBPE gene discovery is claimed. The p-value distribution is acceptable in this pre-specified setting (un-
FINAL_ALL_CHECKS_2026_06_28/text/manuscript_pdf_layout.txt	324	discovery	OK_BOUNDED	ing. The panel illustrates ranking evidence only, not FDR-controlled discovery or complete CEBPE program
FINAL_ALL_CHECKS_2026_06_28/text/manuscript_pdf_layout.txt	324	fdr	OK_BOUNDED	ing. The panel illustrates ranking evidence only, not FDR-controlled discovery or complete CEBPE program
FINAL_ALL_CHECKS_2026_06_28/text/manuscript_pdf_layout.txt	352	significant	REVIEW	Number of nominally significant genes and uncapped Storey upper-tail ratio across six Norman perturbations.
FINAL_ALL_CHECKS_2026_06_28/text/manuscript_pdf_layout.txt	364	significant	REVIEW	201   and larger bin counts produce many nominally significant genes with low tail-ratio values (0.23-0.25). This is
FINAL_ALL_CHECKS_2026_06_28/text/manuscript_pdf_layout.txt	395	discovery	OK_BOUNDED	225   but it is not treated as an inferential discovery test here.
FINAL_ALL_CHECKS_2026_06_28/text/manuscript_pdf_layout.txt	402	clinical	REVIEW	229   markers 2.1-5.8x over background across five observational single-cell datasets with clinical or disease rele-
FINAL_ALL_CHECKS_2026_06_28/text/manuscript_pdf_layout.txt	407	biomarker	OK_BOUNDED	234   should be read as marker prioritization from public observational data rather than as causal or biomarker
FINAL_ALL_CHECKS_2026_06_28/text/manuscript_pdf_layout.txt	407	causal	OK_BOUNDED	234   should be read as marker prioritization from public observational data rather than as causal or biomarker
FINAL_ALL_CHECKS_2026_06_28/text/manuscript_pdf_layout.txt	411	causal	OK_BOUNDED	238   recovery rather than causal interpretation. In the observational CLL marker-recovery setting, Wasserstein
FINAL_ALL_CHECKS_2026_06_28/text/manuscript_pdf_layout.txt	412	superior	OK_BOUNDED	239   produced biologically coherent rankings but was not uniformly superior to all conventional ranking baselines.
FINAL_ALL_CHECKS_2026_06_28/text/manuscript_pdf_layout.txt	427	clinical	OK_BOUNDED	254   these observational datasets as causal or clinical evidence. Figure 5 summarizes the external marker-recovery
FINAL_ALL_CHECKS_2026_06_28/text/manuscript_pdf_layout.txt	427	causal	OK_BOUNDED	254   these observational datasets as causal or clinical evidence. Figure 5 summarizes the external marker-recovery
FINAL_ALL_CHECKS_2026_06_28/text/manuscript_pdf_layout.txt	439	superior	OK_BOUNDED	was not uniformly superior to all conventional ranking baselines. These analyses assess marker recovery
FINAL_ALL_CHECKS_2026_06_28/text/manuscript_pdf_layout.txt	440	causal	OK_BOUNDED	rather than causal perturbation effects.
FINAL_ALL_CHECKS_2026_06_28/text/manuscript_pdf_layout.txt	472	discovery	OK_BOUNDED	281   50 correlate at only r = 0.12) means it should be treated as a ranking tool rather than a formal discovery
FINAL_ALL_CHECKS_2026_06_28/text/manuscript_pdf_layout.txt	476	genome-wide	OK_BOUNDED	285   extension uses curated target-program panels rather than an original-study genome-wide DEG gold stan-
FINAL_ALL_CHECKS_2026_06_28/text/manuscript_pdf_layout.txt	477	discovery	OK_BOUNDED	286   dard; its sparse top-rank recovery should be viewed as ranking enrichment, not strong discovery perfor-
FINAL_ALL_CHECKS_2026_06_28/text/manuscript_pdf_layout.txt	489	biomarker	REVIEW	298   establish new causal disease mechanisms or clinical biomarkers; instead, they show how PGAA can prioritize
FINAL_ALL_CHECKS_2026_06_28/text/manuscript_pdf_layout.txt	489	clinical	REVIEW	298   establish new causal disease mechanisms or clinical biomarkers; instead, they show how PGAA can prioritize
FINAL_ALL_CHECKS_2026_06_28/text/manuscript_pdf_layout.txt	489	causal	REVIEW	298   establish new causal disease mechanisms or clinical biomarkers; instead, they show how PGAA can prioritize
FINAL_ALL_CHECKS_2026_06_28/text/manuscript_pdf_layout.txt	582	discovery	OK_BOUNDED	373   here as a ranking and diagnostic statistic rather than as a standalone genome-wide discovery test.
FINAL_ALL_CHECKS_2026_06_28/text/manuscript_pdf_layout.txt	582	genome-wide	OK_BOUNDED	373   here as a ranking and diagnostic statistic rather than as a standalone genome-wide discovery test.
FINAL_ALL_CHECKS_2026_06_28/text/manuscript_pdf_layout.txt	593	discovery	OK_BOUNDED	384   rather than formal FDR-controlled discovery; for genome-wide significance, we recommend n_perms >=
FINAL_ALL_CHECKS_2026_06_28/text/manuscript_pdf_layout.txt	593	fdr	OK_BOUNDED	384   rather than formal FDR-controlled discovery; for genome-wide significance, we recommend n_perms >=
FINAL_ALL_CHECKS_2026_06_28/text/manuscript_pdf_layout.txt	593	genome-wide	OK_BOUNDED	384   rather than formal FDR-controlled discovery; for genome-wide significance, we recommend n_perms >=
FINAL_ALL_CHECKS_2026_06_28/text/manuscript_pdf_layout.txt	810	discovery	REVIEW	539   31. Storey, J. D. A direct approach to false discovery rates. J. R. Stat. Soc. Ser. B 64, 479–498 (2002).
FINAL_ALL_CHECKS_2026_06_28/text/manuscript_pdf_layout.txt	811	discovery	REVIEW	540   32. Benjamini, Y. & Hochberg, Y. Controlling the false discovery rate: a practical and powerful approach
FINAL_ALL_CHECKS_2026_06_28/text/supplementary_pdf_layout.txt	131	discovery	OK_BOUNDED	evidence because 500 permutations cannot support genome-wide FDR-controlled discovery.
FINAL_ALL_CHECKS_2026_06_28/text/supplementary_pdf_layout.txt	131	fdr	OK_BOUNDED	evidence because 500 permutations cannot support genome-wide FDR-controlled discovery.
FINAL_ALL_CHECKS_2026_06_28/text/supplementary_pdf_layout.txt	131	genome-wide	OK_BOUNDED	evidence because 500 permutations cannot support genome-wide FDR-controlled discovery.
FINAL_ALL_CHECKS_2026_06_28/text/supplementary_pdf_layout.txt	148	genome-wide	OK_BOUNDED	speed and are used to evaluate bin-count sensitivity, not to claim genome-wide
FINAL_ALL_CHECKS_2026_06_28/text/supplementary_pdf_layout.txt	165	causal	OK_BOUNDED	The five observational datasets are used for marker recovery rather than causal
FINAL_ALL_CHECKS_2026_06_28/text/supplementary_pdf_layout.txt	166	clinical	REVIEW	or clinical inference. The top-100 enrichment compares known marker recovery
FINAL_ALL_CHECKS_2026_06_28/text/supplementary_pdf_layout.txt	204	genome-wide	OK_BOUNDED	not extreme genome-wide thresholds
FINAL_ALL_CHECKS_2026_06_28/text/supplementary_pdf_layout.txt	209	fdr	OK_BOUNDED	PGAA-H setting    Permutations             500                                                Ranking evidence only; not FDR-controlled
FINAL_ALL_CHECKS_2026_06_28/text/supplementary_pdf_layout.txt	210	discovery	REVIEW	12                                                                                                 genome-wide discovery
FINAL_ALL_CHECKS_2026_06_28/text/supplementary_pdf_layout.txt	210	genome-wide	REVIEW	12                                                                                                 genome-wide discovery
FINAL_ALL_CHECKS_2026_06_28/text/supplementary_pdf_layout.txt	297	causal	OK_BOUNDED	PGAA-H hits, but it is not used as causal evidence.
FINAL_ALL_CHECKS_2026_06_28/text/cover_pdf_layout.txt	17	biomarker	OK_BOUNDED	stress checks, not as causal disease validation or clinical biomarker evidence.
FINAL_ALL_CHECKS_2026_06_28/text/cover_pdf_layout.txt	17	clinical	OK_BOUNDED	stress checks, not as causal disease validation or clinical biomarker evidence.
FINAL_ALL_CHECKS_2026_06_28/text/cover_pdf_layout.txt	17	causal	OK_BOUNDED	stress checks, not as causal disease validation or clinical biomarker evidence.
FINAL_ALL_CHECKS_2026_06_28/text/cover_pdf_layout.txt	23	biomarker	OK_BOUNDED	We do not claim new clinical biomarkers, treatment recommendations, or bedside diagnostic
FINAL_ALL_CHECKS_2026_06_28/text/cover_pdf_layout.txt	23	clinical	OK_BOUNDED	We do not claim new clinical biomarkers, treatment recommendations, or bedside diagnostic
FINAL_ALL_CHECKS_2026_06_28/text/cover_pdf_layout.txt	34	clinical	OK_BOUNDED	Clinical Medical Research Center of Hematological Diseases of Guangdong Province
